#CHROM	POS	ID	REF	ALT	VARIANT
chr22	42126310	rs12169962	C	T	
chr22	42126347	rs148648640	T	C	
chr22	42126390	rs28371738	G	A	
chr22	42126390	rs28371738	G	C	
chr22	42126395	rs202032066	CCT	C	
chr22	42126462	rs28371737	G	A	
chr22	42126481	rs574780348	G	T	
chr22	42126496	rs555084863	G	A	
chr22	42126548	rs201759814	G	A	
chr22	42126578	rs1440526469	C	T	NM_000106.6:exon9:c.G1490A:p.R497H
chr22	42126598	rs61731577	A	G	NM_000106.6:exon9:c.T1470C:p.Y490Y
chr22	42126605	rs568495591	G	A	NM_000106.6:exon9:c.C1463T:p.S488F
chr22	42126607	.	T	C	NM_000106.6:exon9:c.A1461G:p.P487P
chr22	42126611	rs1135840	C	G	NM_000106.6:exon9:c.G1457C:p.S486T
chr22	42126619	.	GAAAGCAAAGACACCATGGTGGCTGGGCCGGGGCTGTCCAGTGGGCACC	AAAGCTGACGACACGAGAGTGGCTGGGCCGGGGCTGTCCGGCGGCCACG	NM_000106.6:exon9:c.1401_1449delinsCGTGGCCGCCGGACAGCCCCGGCCCAGCCACTCTCGTGTCGTCAGCTTT:p.P469_A482delinsAAGQPRPSHSRVVS
chr22	42126634	.	A	C	NM_000106.6:exon9:c.T1434G:p.H478Q
chr22	42126647	rs141756339	C	T	NM_000106.6:exon9:c.G1421A:p.R474Q
chr22	42126666	rs765776661	C	CAGTGGGCAC	NM_000106.6:exon9:c.1401_1402insGTGCCCACT:p.T470_G471insVPT
chr22	42126676	rs150445731	G	A	NM_000106.6:exon9:c.C1392T:p.F464F
chr22	42126681	.	G	C	NM_000106.6:exon9:c.C1387G:p.H463D
chr22	42126690	rs759631541	G	C	NM_000106.6:exon9:c.C1378G:p.L460V
chr22	42126697	.	G	T	NM_000106.6:exon9:c.C1371A:p.F457L
chr22	42126715	rs760940331	C	T	NM_000106.6:exon9:c.G1353A:p.M451I
chr22	42126719	rs369177208	C	T	NM_000106.6:exon9:c.G1349A:p.R450H
chr22	42126722	rs79392742	G	T	NM_000106.6:exon9:c.C1346A:p.A449D
chr22	42126735	rs751092905	C	T	NM_000106.6:exon9:c.G1333A:p.G445R
chr22	42126746	rs532668079	C	T	NM_000106.6:exon9:c.G1322A:p.R441H
chr22	42126747	rs730882251	G	A	NM_000106.6:exon9:c.C1321T:p.R441C
chr22	42126749	rs267608319	C	T	NM_000106.6:exon9:c.G1319A:p.R440H
chr22	42126752	rs569439709	C	T	NM_000106.6:exon9:c.G1316A:p.G439D
chr22	42126758	rs377590656	G	A	
chr22	42126763	rs548264542	G	T	
chr22	42126765	.	G	A	
chr22	42126776	rs566979163	G	T	
chr22	42126790	rs769045995	T	C	
chr22	42126843	rs968226569	A	G	
chr22	42126877	rs3021084	G	A	NM_000106.6:exon8:c.C1289T:p.P430L
chr22	42126896	rs763964554	G	A	NM_000106.6:exon8:c.C1270T:p.Q424X
chr22	42126904	rs72549345	A	G	NM_000106.6:exon8:c.T1262C:p.L421P
chr22	42126914	rs28371733	C	G	NM_000106.6:exon8:c.G1252C:p.E418Q
chr22	42126914	rs28371733	C	T	NM_000106.6:exon8:c.G1252A:p.E418K
chr22	42126924	rs1037093492	G	A	NM_000106.6:exon8:c.C1242T:p.R414R
chr22	42126926	rs747089665	G	A	NM_000106.6:exon8:c.C1240T:p.R414C
chr22	42126938	rs769157652	C	T	NM_000106.6:exon8:c.G1228A:p.E410K
chr22	42126956	rs1931013246	T	G	NM_000106.6:exon8:c.A1210C:p.K404Q
chr22	42126962	rs1602566413	C	G	NM_000106.6:exon8:c.G1204C:p.V402L
chr22	42126963	rs28371732	C	T	NM_000106.6:exon8:c.G1203A:p.S401S
chr22	42126981	rs757396767	GAG	G	NM_000106.6:exon8:c.1183_1184del:p.L395Hfs*11
chr22	42127001	rs4987144	G	A	
chr22	42127074	rs542160647	CAC	C	
chr22	42127084	rs77867647	C	T	
chr22	42127143	rs1335848947	G	A	
chr22	42127156	rs530299539	G	A	
chr22	42127182	rs267608322	C	A	
chr22	42127207	rs28371730	C	T	
chr22	42127209	rs2004511	T	C	
chr22	42127230	rs552754154	C	G	
chr22	42127239	rs879173025	G	A	
chr22	42127246	rs1269631565	T	TT	
chr22	42127257	rs1050232038	C	T	
chr22	42127300	rs267608292	C	T	
chr22	42127307	rs867985262	C	T	
chr22	42127313	rs79596243	T	C	
chr22	42127352	rs535347055	C	T	
chr22	42127356	rs28371729	G	T	
chr22	42127394	rs369465929	G	T	
chr22	42127398	rs28578778	A	G	
chr22	42127407	rs1985842	T	G	
chr22	42127412	rs768105646	G	A	
chr22	42127417	.	G	GGTGCTG	
chr22	42127435	rs376909251	C	T	
chr22	42127457	rs77312092	C	T	NM_000106.6:exon7:c.G1163A:p.R388H
chr22	42127473	rs75386357	C	T	NM_000106.6:exon7:c.G1147A:p.E383K
chr22	42127503	rs61737946	C	T	NM_000106.6:exon7:c.G1117A:p.G373S
chr22	42127512	rs61745683	C	T	NM_000106.6:exon7:c.G1108A:p.V370I
chr22	42127514	rs1555888899	A	G	NM_000106.6:exon7:c.T1106C:p.I369T
chr22	42127523	rs1555888910	A	G	NM_000106.6:exon7:c.T1097C:p.F366S
chr22	42127526	rs1058172	C	T	NM_000106.6:exon7:c.G1094A:p.R365H
chr22	42127533	rs72549346	C	CAC	NM_000106.6:exon7:c.1086_1087insGT:p.Q364Cfs*12
chr22	42127537	rs28371726	A	G	NM_000106.6:exon7:c.T1083C:p.H361H
chr22	42127556	rs202102799	T	C	NM_000106.6:exon7:c.A1064G:p.Y355C
chr22	42127565	rs61736517	T	C	NM_000106.6:exon7:c.A1055G:p.H352R
chr22	42127589	rs76088846	C	T	NM_000106.6:exon7:c.G1031A:p.R344Q
chr22	42127590	rs72549347	G	A	NM_000106.6:exon7:c.C1030T:p.R344X
chr22	42127593	rs267608295	G	A	NM_000106.6:exon7:c.C1027T:p.R343W
chr22	42127593	rs267608295	G	C	NM_000106.6:exon7:c.C1027G:p.R343G
chr22	42127602	rs566108360	C	T	NM_000106.6:exon7:c.G1018A:p.G340R
chr22	42127605	rs141824015	T	G	NM_000106.6:exon7:c.A1015C:p.I339L
chr22	42127608	rs59421388	C	T	NM_000106.6:exon7:c.G1012A:p.V338M
chr22	42127610	rs748712690	T	C	NM_000106.6:exon7:c.A1010G:p.D337G
chr22	42127611	rs78209835	C	T	NM_000106.6:exon7:c.G1009A:p.D337N
chr22	42127619	rs72549348	T	G	NM_000106.6:exon7:c.A1001C:p.E334A
chr22	42127631	rs141009491	C	G	NM_000106.6:exon7:c.G989C:p.R330P
chr22	42127631	rs141009491	C	T	NM_000106.6:exon7:c.G989A:p.R330H
chr22	42127634	rs3915951	C	A	NM_000106.6:exon7:c.G986T:p.R329L
chr22	42127648	rs370010370	C	T	
chr22	42127660	rs535258214	G	A	
chr22	42127671	rs373621376	C	A	
chr22	42127680	rs375222401	C	T	
chr22	42127701	rs149172985	C	T	
chr22	42127719	rs867265808	G	A	
chr22	42127758	rs539070953	C	T	
chr22	42127761	rs267608291	C	T	
chr22	42127786	rs187334823	C	A	
chr22	42127790	rs569426051	C	T	
chr22	42127803	rs28371725	C	T	
chr22	42127807	rs192090178	C	T	
chr22	42127811	rs143276168	G	A	
chr22	42127841	rs72549349	C	G	NM_000106.6:exon6:c.985+1G>C
chr22	42127842	rs150216909	G	A	NM_000106.6:exon6:c.C985T:p.R329C
chr22	42127845	rs730882170	GCACATCCGGATGTAGGATC	G	NM_000106.6:exon6:c.963_981del:p.M321Ifs*12
chr22	42127852	rs79292917	C	T	NM_000106.6:exon6:c.G975A:p.P325P
chr22	42127853	rs140513104	G	A	NM_000106.6:exon6:c.C974T:p.P325L
chr22	42127856	rs5030867	T	G	NM_000106.6:exon6:c.A971C:p.H324P
chr22	42127899	.	T	C	NM_000106.6:exon6:c.A928G:p.T310A
chr22	42127922	rs1406719554	A	G	NM_000106.6:exon6:c.T905C:p.L302P
chr22	42127938	rs949717872	T	G	NM_000106.6:exon6:c.A889C:p.I297L
chr22	42127941	rs16947	G	A	NM_000106.6:exon6:c.C886T:p.R296C
chr22	42127962	rs267608279	TG	T	
chr22	42127973	rs1135829	T	C	NM_000106.6:exon6:c.A854G:p.N285S
chr22	42128031	rs28371723	A	T	
chr22	42128071	rs187203531	C	G	
chr22	42128128	rs28371722	C	T	
chr22	42128130	rs28371721	C	T	
chr22	42128153	rs763526310	C	CC	
chr22	42128160	rs77562994	G	A	
chr22	42128160	rs77562994	G	T	
chr22	42128175	rs5030656	TTCT	T	NM_000106.6:exon5:c.839_841del:p.K281del
chr22	42128181	rs1135828	A	T	NM_000106.6:exon5:c.T836A:p.M279K
chr22	42128185	rs77913725	C	T	NM_000106.6:exon5:c.G832A:p.E278K
chr22	42128189	rs28371719	C	A	NM_000106.6:exon5:c.G828T:p.L276L
chr22	42128201	rs368858603	A	AA	NM_000106.6:exon5:c.816dupT:p.E273*
chr22	42128202	rs72549351	GTCAG	G	NM_000106.6:exon5:c.811_814del:p.T272Rfs*25
chr22	42128212	rs367543000	G	A	NM_000106.6:exon5:c.C805T:p.R269X
chr22	42128215	rs1473203326	G	A	NM_000106.6:exon5:c.C802T:p.P268S
chr22	42128216	rs28371718	G	T	NM_000106.6:exon5:c.C801A:p.P267P
chr22	42128217	rs148769737	G	T	NM_000106.6:exon5:c.C800A:p.P267H
chr22	42128218	rs72549352	G	GG	NM_000106.6:exon5:c.799dupC:p.R269Pfs*5
chr22	42128235	rs267608297	G	A	NM_000106.6:exon5:c.C782T:p.T261I
chr22	42128241	rs35742686	CT	C	NM_000106.6:exon5:c.775delA:p.R259Gfs*2
chr22	42128250	rs72549353	GTTAG	G	NM_000106.6:exon5:c.763_766del:p.T256Sfs*4
chr22	42128272	.	T	G	NM_000106.6:exon5:c.A745C:p.T249P
chr22	42128300	rs190535395	C	T	NM_000106.6:exon5:c.G717A:p.K239K
chr22	42128308	rs28371717	C	A	NM_000106.6:exon5:c.G709T:p.A237S
chr22	42128311	rs267608298	G	A	NM_000106.6:exon5:c.C706T:p.L236L
chr22	42128321	rs17002852	A	G	NM_000106.6:exon5:c.T696C:p.H232H
chr22	42128325	rs17002853	A	G	NM_000106.6:exon5:c.T692C:p.L231P
chr22	42128328	rs777691989	AGGA	A	NM_000106.6:exon5:c.686_688del:p.L231del
chr22	42128329	rs373813287	G	A	NM_000106.6:exon5:c.C688T:p.L230F
chr22	42128332	rs993385303	C	T	NM_000106.6:exon5:c.G685A:p.V229I
chr22	42128340	rs140900383	G	A	NM_000106.6:exon5:c.C677T:p.A226V
chr22	42128351	rs377725912	C	T	NM_000106.6:exon5:c.667-1G>A
chr22	42128367	rs79331140	G	A	
chr22	42128367	rs79331140	G	C	
chr22	42128380	rs77593160	C	T	
chr22	42128399	rs879014378	C	T	
chr22	42128406	rs867349751	A	C	
chr22	42128433	rs749867663	T	A	
chr22	42128444	rs1168525049	CCTGCC	C	
chr22	42128483	rs188062577	C	T	
chr22	42128488	rs28371715	G	A	
chr22	42128499	rs75203276	C	T	
chr22	42128500	rs267608300	C	T	
chr22	42128513	rs184517596	C	T	
chr22	42128573	.	C	G	
chr22	42128576	rs80262685	T	C	
chr22	42128580	rs577696827	G	A	
chr22	42128649	rs529375661	TCTT	T	
chr22	42128662	rs267608290	T	G	
chr22	42128668	rs76327133	G	A	
chr22	42128694	rs2267447	T	C	
chr22	42128706	rs111564371	T	C	
chr22	42128711	rs112568578	C	G	
chr22	42128736	rs761521669	C	T	
chr22	42128741	rs113889384	G	A	
chr22	42128750	rs778008161	C	G	
chr22	42128753	rs564994275	T	G	
chr22	42128763	rs1257757211	CCTCGGTCTC	C	
chr22	42128771	rs1413970459	T	C	
chr22	42128774	rs368129875	C	T	
chr22	42128793	rs28371713	A	G	NM_000106.6:exon4:c.T657C:p.F219F
chr22	42128795	.	AG	A	NM_000106.6:exon4:c.654delC:p.L220Cfs*5
chr22	42128802	.	C	A	NM_000106.6:exon4:c.G648T:p.E216D
chr22	42128807	rs567606867	C	T	NM_000106.6:exon4:c.G643A:p.E215K
chr22	42128812	.	AG	GA	NM_000106.6:exon4:c.637_638delinsTC:p.L213S
chr22	42128813	rs150163869	G	A	NM_000106.6:exon4:c.C637T:p.L213L
chr22	42128815	rs5030866	C	T	NM_000106.6:exon4:c.G635A:p.G212E
chr22	42128817	rs72549354	C	CC	NM_000106.6:exon4:c.633dupG:p.L213Tfs*41
chr22	42128820	rs763609904	C	CC	NM_000106.6:exon4:c.630dupG:p.E211Gfs*43
chr22	42128848	rs745365204	C	T	NM_000106.6:exon4:c.G602A:p.R201H
chr22	42128864	rs755518310	C	T	NM_000106.6:exon4:c.G586A:p.E196K
chr22	42128876	rs538707090	C	T	NM_000106.6:exon4:c.G574A:p.G192R
chr22	42128878	.	CA	AG	NM_000106.6:exon4:c.571_572delinsCT:p.C191L
chr22	42128903	.	T	TTA	NM_000106.6:exon4:c.546_547insTA:p.S183*
chr22	42128922	rs111606937	A	G	NM_000106.6:exon4:c.T528C:p.G176G
chr22	42128926	rs1459127426	T	C	NM_000106.6:exon4:c.A524G:p.N175S
chr22	42128932	rs556882139	C	T	NM_000106.6:exon4:c.G518A:p.R173H
chr22	42128933	rs67780109	G	A	NM_000106.6:exon4:c.C517T:p.R173C
chr22	42128942	rs72549356	G	GAAAGGGGCG	NM_000106.6:exon4:c.507_508insCGCCCCTTT:p.P174_N175insFRP
chr22	42128942	rs72549356	G	GAAAGGGGCGAAAGGGGCG	NM_000106.6:exon4:c.507_508insCGCCCCTTTCGCCCCTTT:p.P174_N175insFRPFRP
chr22	42128945	rs3892097	C	T	NM_000106.6:exon4:c.506-1G>A
chr22	42128968	rs754171670	G	T	
chr22	42129001	rs76326664	T	C	
chr22	42129008	rs200002499	T	G	
chr22	42129033	rs5030865	C	A	NM_000106.6:exon3:c.G505T:p.G169X
chr22	42129033	rs5030865	C	T	NM_000106.6:exon3:c.G505A:p.G169R
chr22	42129034	rs199849357	G	A	NM_000106.6:exon3:c.C504T:p.S168S
chr22	42129036	rs1135826	A	C	NM_000106.6:exon3:c.T502G:p.S168A
chr22	42129037	rs1135825	G	T	NM_000106.6:exon3:c.C501A:p.H167Q
chr22	42129042	rs1135824	T	C	NM_000106.6:exon3:c.A496G:p.N166D
chr22	42129043	rs768668762	G	A	NM_000106.6:exon3:c.C495T:p.A165A
chr22	42129044	rs201006451	G	A	NM_000106.6:exon3:c.C494T:p.A165V
chr22	42129056	rs774943042	C	G	NM_000106.6:exon3:c.G482C:p.C161S
chr22	42129067	rs74962936	G	A	NM_000106.6:exon3:c.C471T:p.A157A
chr22	42129071	rs267608302	T	A	NM_000106.6:exon3:c.A467T:p.E156V
chr22	42129071	rs267608302	T	G	NM_000106.6:exon3:c.A467C:p.E156A
chr22	42129075	rs28371710	C	T	NM_000106.6:exon3:c.G463A:p.E155K
chr22	42129083	rs5030655	CA	C	NM_000106.6:exon3:c.454delT:p.W152Gfs*2
chr22	42129087	rs78482768	G	C	NM_000106.6:exon3:c.C451G:p.Q151E
chr22	42129098	rs569229126	T	C	NM_000106.6:exon3:c.A440G:p.K147R
chr22	42129113	rs375135093	A	G	NM_000106.6:exon3:c.T425C:p.L142S
chr22	42129130	rs1058164	C	G	NM_000106.6:exon3:c.G408C:p.V136V
chr22	42129130	.	CAC	GAT	NM_000106.6:exon3:c.406_408delinsATC:p.V136I
chr22	42129132	rs61736512	C	T	NM_000106.6:exon3:c.G406A:p.V136M
chr22	42129133	rs550056038	G	A	NM_000106.6:exon3:c.C405T:p.S135S
chr22	42129134	rs781457579	G	A	NM_000106.6:exon3:c.C404T:p.S135F
chr22	42129152	rs746272785	C	A	NM_000106.6:exon3:c.G386T:p.R129L
chr22	42129155	rs1180015037	C	T	NM_000106.6:exon3:c.G383A:p.W128X
chr22	42129156	rs376636053	A	G	NM_000106.6:exon3:c.T382C:p.W128R
chr22	42129166	rs766391487	A	C	NM_000106.6:exon3:c.T372G:p.Y124X
chr22	42129174	rs1135823	C	A	NM_000106.6:exon3:c.G364T:p.A122S
chr22	42129178	rs61736507	G	A	NM_000106.6:exon3:c.C360T:p.F120F
chr22	42129180	rs1135822	A	T	NM_000106.6:exon3:c.T358A:p.F120I
chr22	42129183	rs374616348	C	A	NM_000106.6:exon3:c.G355T:p.V119L
chr22	42129183	rs374616348	C	T	NM_000106.6:exon3:c.G355A:p.V119M
chr22	42129193	rs267608305	T	C	
chr22	42129214	rs574423474	G	A	
chr22	42129225	rs370267861	A	C	
chr22	42129228	rs373668214	A	G	
chr22	42129237	rs528764348	A	C	
chr22	42129278	rs67497403	G	A	
chr22	42129283	rs369508051	C	T	
chr22	42129297	rs267608306	A	G	
chr22	42129303	rs142302759	T	G	
chr22	42129388	rs557722765	G	A	
chr22	42129414	rs143170489	G	C	
chr22	42129422	rs192258949	C	T	
chr22	42129436	rs184086520	A	G	
chr22	42129442	.	C	T	
chr22	42129450	rs980413611	G	A	
chr22	42129466	rs1405751650	CC	C	
chr22	42129498	rs189736703	C	T	
chr22	42129513	rs530100977	T	G	
chr22	42129524	rs548739186	C	A	
chr22	42129531	rs566954285	T	C	
chr22	42129540	rs1931672996	G	C	
chr22	42129545	rs267608277	G	A	
chr22	42129563	rs570742137	C	T	
chr22	42129614	rs180847475	C	G	
chr22	42129623	rs1081004	C	T	
chr22	42129643	rs186133763	G	C	
chr22	42129687	rs974225727	T	C	
chr22	42129688	rs920804900	C	T	
chr22	42129689	rs932123190	A	G	
chr22	42129690	rs1363367942	C	T	
chr22	42129706	rs770138443	G	A	
chr22	42129724	rs751396592	CC	C	
chr22	42129726	rs78854695	A	C	
chr22	42129731	rs267608289	T	C	
chr22	42129740	.	T	C	NM_000106.6:exon2:c.A350G:p.Q117R
chr22	42129753	rs563185985	C	G	NM_000106.6:exon2:c.G337C:p.G113R
chr22	42129754	rs1081003	G	A	NM_000106.6:exon2:c.C336T:p.F112F
chr22	42129757	rs1135821	A	G	NM_000106.6:exon2:c.T333C:p.G111G
chr22	42129759	rs535642512	C	T	NM_000106.6:exon2:c.G331A:p.G111S
chr22	42129765	rs78459009	T	C	NM_000106.6:exon2:c.A325G:p.I109V
chr22	42129770	rs28371706	G	A	NM_000106.6:exon2:c.C320T:p.T107I
chr22	42129770	.	GT	TA	NM_000106.6:exon2:c.319_320delinsTA:p.T107Y
chr22	42129779	rs76187628	A	G	NM_000106.6:exon2:c.T311C:p.V104A
chr22	42129780	rs267608308	C	T	NM_000106.6:exon2:c.G310A:p.V104M
chr22	42129796	rs28371705	G	C	NM_000106.6:exon2:c.C294G:p.T98T
chr22	42129799	rs76802407	G	C	NM_000106.6:exon2:c.C291G:p.D97E
chr22	42129809	rs28371704	T	C	NM_000106.6:exon2:c.A281G:p.H94R
chr22	42129819	rs28371703	G	T	NM_000106.6:exon2:c.C271A:p.L91M
chr22	42129821	rs267608309	G	A	NM_000106.6:exon2:c.C269T:p.A90V
chr22	42129827	rs267608276	C	G	NM_000106.6:exon2:c.G263C:p.R88P
chr22	42129836	rs267608310	G	A	NM_000106.6:exon2:c.C254T:p.A85V
chr22	42129880	rs1477736084	G	T	NM_000106.6:exon2:c.C210A:p.S70R
chr22	42129887	rs1456026511	A	C	NM_000106.6:exon2:c.T203G:p.V68G
chr22	42129899	rs1415188318	C	T	NM_000106.6:exon2:c.G191A:p.R64H
chr22	42129906	rs267608311	G	A	NM_000106.6:exon2:c.C184T:p.R62W
chr22	42129910	rs201377835	C	G	NM_000106.6:exon2:c.181-1G>C
chr22	42129944	rs267608282	A	G	
chr22	42129950	rs28371702	A	C	
chr22	42130047	rs28371701	G	C	
chr22	42130051	rs267608275	GG	G	
chr22	42130089	.	TCA	T	
chr22	42130139	rs376217512	G	A	
chr22	42130186	rs575159870	C	T	
chr22	42130343	rs867984132	T	G	
chr22	42130368	rs267608274	G	A	
chr22	42130390	rs542260394	G	A	
chr22	42130440	rs527792942	A	G	
chr22	42130459	rs546029764	T	C	
chr22	42130469	rs35970455	C	T	
chr22	42130475	rs34291018	T	C	
chr22	42130482	rs28371699	C	A	
chr22	42130512	rs267608273	C	T	
chr22	42130522	rs29001678	G	A	
chr22	42130538	rs1255242741	C	A	
chr22	42130547	rs1081000	T	C	
chr22	42130559	rs28695233	T	G	
chr22	42130560	rs29001518	C	G	
chr22	42130565	rs1080998	A	G	
chr22	42130569	rs1080997	G	C	
chr22	42130571	rs1080996	G	T	
chr22	42130578	rs1080995	C	G	
chr22	42130594	rs201475960	C	T	
chr22	42130638	rs536109057	G	A	NM_000106.6:exon1:c.C154T:p.Q52X
chr22	42130655	rs774671100	A	AA	NM_000106.6:exon1:c.137dupT:p.L47Afs*207
chr22	42130667	rs118203758	C	T	NM_000106.6:exon1:c.G125A:p.G42E
chr22	42130668	rs5030862	C	T	NM_000106.6:exon1:c.G124A:p.G42R
chr22	42130670	rs373243894	G	A	NM_000106.6:exon1:c.C122T:p.P41L
chr22	42130684	rs143218187	G	A	NM_000106.6:exon1:c.C108T:p.G36G
chr22	42130690	rs151226748	T	C	NM_000106.6:exon1:c.A102G:p.P34P
chr22	42130692	rs1065852	G	A	NM_000106.6:exon1:c.C100T:p.P34S
chr22	42130710	rs138100349	G	A	NM_000106.6:exon1:c.C82T:p.R28C
chr22	42130715	rs28371696	C	T	NM_000106.6:exon1:c.G77A:p.R26H
chr22	42130719	rs267608313	G	A	NM_000106.6:exon1:c.C73T:p.R25W
chr22	42130728	.	GG	G	NM_000106.6:exon1:c.63delC:p.L22*
chr22	42130750	rs375323434	G	C	NM_000106.6:exon1:c.C42G:p.A14A
chr22	42130761	rs769258	C	T	NM_000106.6:exon1:c.G31A:p.V11M
chr22	42130773	rs72549358	C	T	NM_000106.6:exon1:c.G19A:p.V7M
chr22	42130774	rs148382141	C	T	NM_000106.6:exon1:c.G18A:p.L6L
chr22	42130778	rs773790593	G	A	NM_000106.6:exon1:c.C14T:p.A5V
chr22	42130783	rs1240247139	T	TT	NM_000106.6:exon1:c.9dupA:p.E4Rfs*250
chr22	42130786	rs202061073	C	G	NM_000106.6:exon1:c.G6C:p.G2G
chr22	42130809	rs376446555	A	C	
chr22	42130810	.	T	G	
chr22	42130813	.	GC	G	
chr22	42130839	rs28371695	C	CC	
chr22	42130877	rs554542605	A	G	
chr22	42130899	rs2146945674	TCCCTT	T	
chr22	42130921	rs1027090208	A	G	
chr22	42130929	rs267608272	T	C	
chr22	42130967	rs1080993	C	T	
chr22	42130993	rs372204775	C	T	
chr22	42130994	rs543939200	G	A	
chr22	42131016	rs35481113	T	C	
chr22	42131018	.	T	C	
chr22	42131023	rs35023634	C	G	
chr22	42131039	rs540805349	G	C	
chr22	42131058	rs1296951387	C	G	
chr22	42131059	rs1376235338	C	T	
chr22	42131060	rs533222097	G	A	
chr22	42131063	rs35046171	G	A	
chr22	42131066	rs1280362044	G	A	
chr22	42131067	rs1312232062	G	A	
chr22	42131074	.	G	A	
chr22	42131111	rs1422496944	T	C	
chr22	42131112	rs1253101616	G	C	
chr22	42131114	rs572914357	A	G	
chr22	42131118	rs1272605631	T	C	
chr22	42131119	rs1224722684	G	A	
chr22	42131122	rs34167214	A	C	
chr22	42131125	rs1409156443	C	G	
chr22	42131145	rs530422334	T	C	
chr22	42131156	rs1080992	C	T	
chr22	42131185	rs547983724	C	T	
chr22	42131188	rs769811346	C	A	
chr22	42131189	rs374672076	C	G	
chr22	42131222	rs566383351	G	A	
chr22	42131279	rs540076362	T	A	
chr22	42131289	rs74966855	G	T	
chr22	42131355	rs570070498	C	T	
chr22	42131379	rs769257	C	T	
chr22	42131420	.	T	C	
chr22	42131430	.	T	G	
chr22	42131469	rs28633410	C	T	
chr22	42131470	rs545334485	G	A	
chr22	42131484	rs534009571	ACACA	A	
chr22	42131525	rs1294135932	ACTTA	A	
chr22	42131528	rs1478187774	T	C	
chr22	42131531	rs28624811	G	A	
chr22	42131543	rs1190085561	C	G	
chr22	42131545	rs536645539	CTC	C	
chr22	42131610	rs930275829	G	C	
chr22	42131631	rs113127784	A	T	
chr22	42131632	rs1602597082	C	G	
chr22	42131681	rs566307819	C	T	
chr22	42131737	rs555307127	C	T	
chr22	42131751	rs1080990	C	G	
chr22	42131775	rs567431353	C	T	
chr22	42131791	rs1080989	C	T	
chr22	42131802	rs59360719	A	G	
chr22	42132026	rs28735595	T	C	
chr22	42132089	rs59099247	C	T	
chr22	42132117	rs78047908	G	A	
chr22	42132199	rs1080987	C	T	
chr22	42132209	rs1080986	A	T	
chr22	42132217	rs28588594	G	A	
chr22	42132247	rs538851378	G	A	
chr22	42132334	rs76210340	C	T	
chr22	42132375	rs1080985	G	C	
