#CHROM,POS,REF,ALT,ALLELE,CORE_SNP
chr22,42128813,G,A,1,NA
chr22,42129130,C,G,1,NA
chr22,42126611,C,G,2,CORE
chr22,42127941,G,A,2,CORE
chr22,42129130,C,G,2,NA
chr22,42128241,CT,C,3,CORE
chr22,42129042,T,C,3,NA
chr22,42129130,C,G,4,NA
chr22,42126667,C,G,4,NA
chr22,42128945,C,T,4,CORE
chr22,42127941,G,A,4,NA
chr22,42127526,C,T,4,NA
chr22,42129819,G,T,4,NA
chr22,42126636,G,A,4,NA
chr22,42126658,A,G,4,NA
chr22,42126622,A,G,4,NA
chr22,42130692,G,A,4,NA
chr22,42129809,T,C,4,NA
chr22,42126623,G,C,4,NA
chr22,42126619,G,A,4,NA
chr22,42126624,C,T,4,NA
chr22,42126660,T,C,4,NA
chr22,42126627,A,C,4,NA
chr22,42126635,T,G,4,NA
chr22,42126633,C,G,4,NA
chr22,42126663,G,C,4,NA
chr22,42126611,C,G,4,NA
chr22,42126625,A,G,4,NA
chr22,42126611,C,G,6,NA
chr22,42129083,CA,C,6,CORE
chr22,42127856,T,G,7,CORE
chr22,42129130,C,G,8,CORE
chr22,42129033,C,A,8,CORE
chr22,42127941,G,A,8,CORE
chr22,42126611,C,G,8,CORE
chr22,42128175,TTCT,T,9,CORE
chr22,42130692,G,A,10,CORE
chr22,42129130,C,G,10,CORE
chr22,42126611,C,G,10,CORE
chr22,42127941,G,A,11,CORE
chr22,42129910,C,G,11,CORE
chr22,42126611,C,G,11,CORE
chr22,42129130,C,G,11,CORE
chr22,42129075,C,T,12,NA
chr22,42127941,G,A,12,CORE
chr22,42130668,C,T,12,CORE
chr22,42126611,C,G,12,CORE
chr22,42129130,C,G,12,NA
chr22,42127941,G,A,14,CORE
chr22,42129130,C,G,14,CORE
chr22,42129033,C,T,14,CORE
chr22,42126611,C,G,14,CORE
chr22,42130715,C,T,15,NA
chr22,42130655,A,AA,15,CORE
chr22,42127941,G,A,17,CORE
chr22,42126611,C,G,17,CORE
chr22,42129130,C,G,17,CORE
chr22,42129770,G,A,17,CORE
chr22,42126666,C,CAGTGGGCAC,18,CORE
chr22,42127941,G,A,19,NA
chr22,42126611,C,G,19,NA
chr22,42129130,C,G,19,NA
chr22,42128250,GTTAG,G,19,CORE
chr22,42129130,C,G,20,CORE
chr22,42127941,G,A,20,CORE
chr22,42128817,C,CC,20,CORE
chr22,42128813,G,A,20,CORE
chr22,42128812,A,G,20,CORE
chr22,42126611,C,G,20,CORE
chr22,42129130,C,G,21,NA
chr22,42126611,C,G,21,NA
chr22,42127941,G,A,21,NA
chr22,42128218,G,GG,21,CORE
chr22,42130710,G,A,22,CORE
chr22,42129836,G,A,23,CORE
chr22,42127938,T,G,24,CORE
chr22,42127593,G,C,25,CORE
chr22,42127514,A,G,26,CORE
chr22,42126938,C,T,27,CORE
chr22,42130773,C,T,28,CORE
chr22,42126611,C,G,28,CORE
chr22,42129087,G,C,28,CORE
chr22,42127941,G,A,28,CORE
chr22,42129130,C,G,28,CORE
chr22,42129132,C,T,29,CORE
chr22,42127941,G,A,29,CORE
chr22,42127608,C,T,29,CORE
chr22,42129130,C,G,29,CORE
chr22,42126611,C,G,29,CORE
chr22,42129130,C,G,30,CORE
chr22,42128942,G,GAAAGGGGCG,30,CORE
chr22,42126611,C,G,30,CORE
chr22,42127941,G,A,30,CORE
chr22,42127941,G,A,31,CORE
chr22,42126611,C,G,31,CORE
chr22,42129130,C,G,31,CORE
chr22,42126749,C,T,31,CORE
chr22,42129130,C,G,32,CORE
chr22,42126611,C,G,32,CORE
chr22,42127803,C,T,32,CORE
chr22,42127941,G,A,32,CORE
chr22,42126938,C,T,32,CORE
chr22,42128308,C,A,33,CORE
chr22,42127941,G,A,34,CORE
chr22,42130761,C,T,35,CORE
chr22,42129130,C,G,35,CORE
chr22,42127941,G,A,35,CORE
chr22,42126611,C,G,35,CORE
chr22,42126660,T,C,36,CORE
chr22,42129180,A,T,36,NA
chr22,42126633,C,G,36,CORE
chr22,42126625,A,G,36,CORE
chr22,42129130,C,G,36,CORE
chr22,42130692,G,A,36,CORE
chr22,42126635,T,G,36,CORE
chr22,42126619,G,A,36,CORE
chr22,42126622,A,G,36,CORE
chr22,42126623,G,C,36,CORE
chr22,42126658,A,G,36,CORE
chr22,42126624,C,T,36,CORE
chr22,42126663,G,C,36,CORE
chr22,42126667,C,G,36,CORE
chr22,42126636,G,A,36,CORE
chr22,42129174,C,A,36,NA
chr22,42126627,A,C,36,CORE
chr22,42126611,C,G,36,CORE
chr22,42126611,C,G,37,CORE
chr22,42129130,C,G,37,CORE
chr22,42130692,G,A,37,CORE
chr22,42128848,C,T,37,CORE
chr22,42128202,GTCAG,G,38,CORE
chr22,42129130,C,G,39,NA
chr22,42126611,C,G,39,CORE
chr22,42129770,G,A,40,CORE
chr22,42129130,C,G,40,CORE
chr22,42126611,C,G,40,CORE
chr22,42128942,G,GAAAGGGGCG,40,CORE
chr22,42127941,G,A,40,CORE
chr22,42127803,C,T,41,CORE
chr22,42129130,C,G,41,CORE
chr22,42126611,C,G,41,CORE
chr22,42127941,G,A,41,CORE
chr22,42127533,C,CAC,42,CORE
chr22,42126611,C,G,42,CORE
chr22,42129130,C,G,42,CORE
chr22,42127941,G,A,42,CORE
chr22,42130715,C,T,43,CORE
chr22,42130710,G,A,44,CORE
chr22,42127841,C,G,44,CORE
chr22,42127941,G,A,45,CORE
chr22,42129130,C,G,45,CORE
chr22,42129075,C,T,45,CORE
chr22,42126611,C,G,45,CORE
chr22,42129130,C,G,46,CORE
chr22,42127941,G,A,46,CORE
chr22,42126611,C,G,46,CORE
chr22,42130715,C,T,46,CORE
chr22,42129075,C,T,46,CORE
chr22,42129130,C,G,47,CORE
chr22,42130692,G,A,47,CORE
chr22,42126611,C,G,47,CORE
chr22,42130719,G,A,47,CORE
chr22,42129821,G,A,48,CORE
chr22,42129130,C,G,49,CORE
chr22,42129180,A,T,49,CORE
chr22,42126611,C,G,49,CORE
chr22,42130692,G,A,49,CORE
chr22,42129071,T,G,50,CORE
chr22,42129130,C,G,51,CORE
chr22,42126611,C,G,51,CORE
chr22,42127941,G,A,51,CORE
chr22,42127619,T,G,51,CORE
chr22,42126611,C,G,52,CORE
chr22,42126914,C,T,52,CORE
chr22,42129130,C,G,52,CORE
chr22,42130692,G,A,52,CORE
chr22,42129174,C,A,53,CORE
chr22,42129180,A,T,53,CORE
chr22,42130692,G,A,54,CORE
chr22,42128235,G,A,54,CORE
chr22,42126611,C,G,54,CORE
chr22,42129130,C,G,54,CORE
chr22,42126956,T,G,55,CORE
chr22,42126611,C,G,55,CORE
chr22,42127941,G,A,55,CORE
chr22,42129130,C,G,55,CORE
chr22,42130692,G,A,56,NA
chr22,42127941,G,A,56,NA
chr22,42127590,G,A,56,CORE
chr22,42129130,C,G,56,CORE
chr22,42126611,C,G,56,CORE
chr22,42127941,G,A,58,CORE
chr22,42129770,G,A,58,CORE
chr22,42129130,C,G,58,CORE
chr22,42126611,C,G,58,CORE
chr22,42128942,G,GAAAGGGGCG,58,CORE
chr22,42127941,G,A,59,CORE
chr22,42127852,C,T,59,CORE
chr22,42129130,C,G,59,CORE
chr22,42126611,C,G,59,CORE
chr22,42128903,T,TTA,60,CORE
chr22,42126747,G,A,62,CORE
chr22,42126611,C,G,64,CORE
chr22,42129770,G,A,64,CORE
chr22,42129130,C,G,64,CORE
chr22,42130692,G,A,64,CORE
chr22,42126611,C,G,65,CORE
chr22,42129130,C,G,65,CORE
chr22,42127941,G,A,65,CORE
chr22,42130692,G,A,65,CORE
chr22,42127803,C,T,69,CORE
chr22,42127941,G,A,69,CORE
chr22,42126611,C,G,69,CORE
chr22,42129130,C,G,69,CORE
chr22,42130692,G,A,69,CORE
chr22,42129183,C,T,70,CORE
chr22,42129132,C,T,70,CORE
chr22,42126611,C,G,70,CORE
chr22,42129130,C,G,70,CORE
chr22,42127608,C,T,70,CORE
chr22,42130667,C,T,71,CORE
chr22,42129130,C,G,72,CORE
chr22,42130692,G,A,72,CORE
chr22,42126611,C,G,72,CORE
chr22,42127473,C,T,72,CORE
chr22,42126611,C,G,73,CORE
chr22,42129130,C,G,73,CORE
chr22,42127941,G,A,73,CORE
chr22,42129780,C,T,73,CORE
chr22,42129819,G,T,74,CORE
chr22,42126746,C,T,75,CORE
chr22,42128185,C,T,81,CORE
chr22,42128181,A,T,81,CORE
chr22,42128212,G,A,81,CORE
chr22,42129779,A,G,82,CORE
chr22,42129809,T,C,82,CORE
chr22,42129771,T,A,82,CORE
chr22,42129819,G,T,82,CORE
chr22,42129770,G,T,82,CORE
chr22,42129765,T,C,82,CORE
chr22,42126658,A,G,83,CORE
chr22,42126667,C,G,83,CORE
chr22,42126660,T,C,83,CORE
chr22,42126636,G,A,83,CORE
chr22,42126635,T,G,83,CORE
chr22,42126627,A,C,83,CORE
chr22,42126663,G,C,83,CORE
chr22,42126611,C,G,83,CORE
chr22,42126619,G,A,83,CORE
chr22,42126622,A,G,83,CORE
chr22,42126623,G,C,83,CORE
chr22,42126633,C,G,83,CORE
chr22,42126624,C,T,83,CORE
chr22,42126625,A,G,83,CORE
chr22,42126611,C,G,84,CORE
chr22,42127941,G,A,84,CORE
chr22,42128217,G,T,84,CORE
chr22,42129130,C,G,84,CORE
chr22,42126634,A,C,85,CORE
chr22,42129130,C,G,85,CORE
chr22,42126611,C,G,85,CORE
chr22,42127941,G,A,85,CORE
chr22,42128185,C,T,86,CORE
chr22,42128181,A,T,86,CORE
chr22,42129130,C,G,87,CORE
chr22,42130778,G,A,87,CORE
chr22,42130692,G,A,87,CORE
chr22,42126611,C,G,87,CORE
chr22,42126611,C,G,88,CORE
chr22,42129130,C,G,88,CORE
chr22,42129779,A,G,88,CORE
chr22,42129113,A,G,89,CORE
chr22,42129098,T,C,90,CORE
chr22,42129056,C,G,91,CORE
chr22,42127941,G,A,91,CORE
chr22,42127803,C,T,91,CORE
chr22,42128795,AG,A,92,CORE
chr22,42128272,T,G,93,CORE
chr22,42126611,C,G,94,CORE
chr22,42129130,C,G,94,CORE
chr22,42130692,G,A,94,CORE
chr22,42127610,T,C,94,CORE
chr22,42126611,C,G,95,CORE
chr22,42127457,C,T,95,CORE
chr22,42130692,G,A,95,CORE
chr22,42129130,C,G,95,CORE
chr22,42126896,G,A,96,CORE
chr22,42126697,G,T,97,CORE
chr22,42127941,G,A,98,CORE
chr22,42129130,C,G,98,CORE
chr22,42126611,C,G,98,CORE
chr22,42126681,G,C,98,CORE
chr22,42129827,C,G,99,CORE
chr22,42129130,C,G,99,CORE
chr22,42130692,G,A,99,CORE
chr22,42126611,C,G,99,CORE
chr22,42129130,C,G,100,CORE
chr22,42130692,G,A,100,CORE
chr22,42127962,TG,T,100,CORE
chr22,42126611,C,G,100,CORE
chr22,42126611,C,G,101,CORE
chr22,42129130,C,G,101,CORE
chr22,42130692,G,A,101,CORE
chr22,42127845,GCACATCCGGATGTAGGATC,G,101,CORE
chr22,42129821,G,A,102,CORE
chr22,42126611,C,G,102,CORE
chr22,42129130,C,G,102,CORE
chr22,42127941,G,A,102,CORE
chr22,42126611,C,G,103,CORE
chr22,42129042,T,C,103,CORE
chr22,42129821,G,A,103,CORE
chr22,42129130,C,G,103,CORE
chr22,42127941,G,A,103,CORE
chr22,42127941,G,A,104,CORE
chr22,42126611,C,G,104,CORE
chr22,42129130,C,G,104,CORE
chr22,42129071,T,A,104,CORE
chr22,42129130,C,G,105,CORE
chr22,42127523,A,G,105,CORE
chr22,42126611,C,G,105,CORE
chr22,42127941,G,A,105,CORE
chr22,42126914,C,T,106,CORE
chr22,42129132,C,T,107,CORE
chr22,42127556,T,C,108,CORE
chr22,42127565,T,C,108,CORE
chr22,42127608,C,T,109,CORE
chr22,42128175,TTCT,T,109,CORE
chr22,42126735,C,T,110,CORE
chr22,42129759,C,T,111,CORE
chr22,42126611,C,G,111,CORE
chr22,42129130,C,G,111,CORE
chr22,42127941,G,A,111,CORE
chr22,42126605,G,A,112,CORE
chr22,42126752,C,T,113,CORE
chr22,42130692,G,A,114,CORE
chr22,42127941,G,A,114,CORE
chr22,42129033,C,T,114,CORE
chr22,42126611,C,G,114,CORE
chr22,42128175,TTCT,T,115,CORE
chr22,42127973,T,C,115,CORE
chr22,42127631,C,G,116,CORE
chr22,42126611,C,G,117,CORE
chr22,42129130,C,G,117,CORE
chr22,42127611,C,T,117,CORE
chr22,42127941,G,A,117,CORE
chr22,42127899,T,C,118,CORE
chr22,42127803,C,T,119,CORE
chr22,42130728,GG,G,120,CORE
chr22,42127941,G,A,121,CORE
chr22,42129036,A,C,121,CORE
chr22,42129037,G,T,121,CORE
chr22,42126611,C,G,121,CORE
chr22,42129042,T,C,121,CORE
chr22,42129130,C,G,121,CORE
chr22,42127512,C,T,122,CORE
chr22,42126611,C,G,123,CORE
chr22,42127803,C,T,123,CORE
chr22,42127941,G,A,123,CORE
chr22,42129130,C,G,123,CORE
chr22,42127922,A,G,123,CORE
chr22,42128813,G,A,124,NA
chr22,42126981,GAG,G,124,CORE
chr22,42126719,C,T,125,CORE
chr22,42127941,G,A,125,CORE
chr22,42126611,C,G,125,CORE
chr22,42129130,C,G,125,CORE
chr22,42126611,C,G,126,CORE
chr22,42129134,G,A,126,CORE
chr22,42127941,G,A,126,CORE
chr22,42129130,C,G,126,CORE
chr22,42127526,C,T,127,CORE
chr22,42127556,T,C,127,CORE
chr22,42129130,C,G,128,CORE
chr22,42129887,A,C,128,CORE
chr22,42127941,G,A,128,CORE
chr22,42126611,C,G,128,CORE
chr22,42129130,C,G,129,CORE
chr22,42127941,G,A,129,CORE
chr22,42126611,C,G,129,CORE
chr22,42129155,C,T,129,CORE
chr22,42128878,C,A,130,CORE
chr22,42128879,A,G,130,CORE
chr22,42128325,A,G,131,CORE
chr22,42127973,T,C,132,CORE
chr22,42129130,C,G,132,CORE
chr22,42130692,G,A,132,CORE
chr22,42126611,C,G,132,CORE
chr22,42129130,C,G,133,CORE
chr22,42127602,C,T,133,CORE
chr22,42127941,G,A,133,CORE
chr22,42126611,C,G,133,CORE
chr22,42127589,C,T,134,CORE
chr22,42126926,G,A,135,CORE
chr22,42127941,G,A,135,CORE
chr22,42129130,C,G,135,CORE
chr22,42126611,C,G,135,CORE
chr22,42129130,C,G,136,CORE
chr22,42126611,C,G,136,CORE
chr22,42126877,G,A,136,CORE
chr22,42127941,G,A,136,CORE
chr22,42126578,C,T,137,CORE
chr22,42127803,C,T,138,CORE
chr22,42129130,C,G,138,CORE
chr22,42126611,C,G,138,CORE
chr22,42126647,C,T,138,CORE
chr22,42127941,G,A,138,CORE
chr22,42127526,C,T,139,CORE
chr22,42128329,G,A,140,CORE
chr22,42126623,G,C,141,CORE
chr22,42126624,C,T,141,CORE
chr22,42126625,A,G,141,CORE
chr22,42126938,C,T,141,CORE
chr22,42126627,A,C,141,CORE
chr22,42126622,A,G,141,CORE
chr22,42126619,G,A,141,CORE
chr22,42126635,T,G,141,CORE
chr22,42126658,A,G,141,CORE
chr22,42126611,C,G,141,CORE
chr22,42126660,T,C,141,CORE
chr22,42126663,G,C,141,CORE
chr22,42126636,G,A,141,CORE
chr22,42129130,C,G,141,CORE
chr22,42129770,G,A,141,CORE
chr22,42126667,C,G,141,CORE
chr22,42127941,G,A,141,CORE
chr22,42126633,C,G,141,CORE
chr22,42130692,G,A,142,CORE
chr22,42130710,G,A,142,CORE
chr22,42126611,C,G,142,CORE
chr22,42129130,C,G,142,CORE
chr22,42130761,C,T,143,CORE
chr22,42129166,A,C,143,CORE
chr22,42128351,C,T,144,CORE
chr22,42128942,G,GAAAGGGGCG,145,CORE
chr22,42127941,G,A,146,CORE
chr22,42129130,C,G,146,NA
chr22,42126611,C,G,146,CORE
chr22,42130715,C,T,146,CORE
chr22,42126611,C,G,147,CORE
chr22,42130692,G,A,147,CORE
chr22,42128942,G,GAAAGGGGCG,147,CORE
chr22,42129130,C,G,147,CORE
chr22,42130715,C,T,148,CORE
chr22,42127941,G,A,148,CORE
chr22,42126938,C,T,148,CORE
chr22,42126611,C,G,148,CORE
chr22,42129130,C,G,148,CORE
chr22,42129132,C,T,149,CORE
chr22,42127608,C,T,149,CORE
chr22,42126611,C,G,149,CORE
chr22,42129799,G,C,149,CORE
chr22,42129130,C,G,149,CORE
chr22,42127941,G,A,149,CORE
chr22,42129130,C,G,150,NA
chr22,42126611,C,G,150,CORE
chr22,42127941,G,A,150,NA
chr22,42128812,A,G,150,CORE
chr22,42128813,G,A,150,CORE
chr22,42128820,C,CC,150,CORE
chr22,42130692,G,A,150,NA
chr22,42128926,T,C,151,CORE
chr22,42128340,G,A,152,CORE
chr22,42128807,C,T,153,CORE
chr22,42127941,G,A,154,CORE
chr22,42126746,C,T,154,CORE
chr22,42129770,G,A,154,CORE
chr22,42129130,C,G,154,CORE
chr22,42126611,C,G,154,CORE
chr22,42129130,C,G,155,CORE
chr22,42129132,C,T,155,CORE
chr22,42127608,C,T,155,CORE
chr22,42126611,C,G,155,CORE
chr22,42126715,C,T,155,CORE
chr22,42127941,G,A,155,CORE
chr22,42129130,C,G,156,CORE
chr22,42127608,C,T,156,CORE
chr22,42129132,C,T,156,CORE
chr22,42126611,C,G,156,CORE
chr22,42130638,G,A,156,CORE
chr22,42127941,G,A,156,CORE
chr22,42127608,C,T,157,CORE
chr22,42126611,C,G,157,CORE
chr22,42129130,C,G,157,CORE
chr22,42129044,G,A,157,CORE
chr22,42127941,G,A,157,CORE
chr22,42129132,C,T,157,CORE
chr22,42126611,C,G,158,CORE
chr22,42129130,C,G,158,CORE
chr22,42127941,G,A,158,CORE
chr22,42127605,T,G,158,CORE
chr22,42127803,C,T,158,CORE
chr22,42130670,G,A,159,CORE
chr22,42127941,G,A,159,CORE
chr22,42126611,C,G,159,CORE
chr22,42129130,C,G,159,CORE
chr22,42129809,T,C,160,CORE
chr22,42127941,G,A,160,CORE
chr22,42129819,G,T,160,CORE
chr22,42129130,C,G,160,CORE
chr22,42126611,C,G,160,CORE
chr22,42127941,G,A,161,CORE
chr22,42128201,A,AA,161,CORE
chr22,42129183,C,A,161,CORE
chr22,42126611,C,G,161,CORE
chr22,42129130,C,G,161,CORE
chr22,42126611,C,G,162,CORE
chr22,42126938,C,T,162,CORE
chr22,42127941,G,A,162,CORE
chr22,42129130,C,G,162,CORE
chr22,42126611,C,G,163,CORE
chr22,42127941,G,A,163,CORE
chr22,42129156,A,G,163,CORE
chr22,42129130,C,G,163,CORE
chr22,42126611,C,G,164,CORE
chr22,42129132,C,T,164,CORE
chr22,42129130,C,G,164,CORE
chr22,42127941,G,A,165,CORE
chr22,42129132,C,T,165,CORE
chr22,42128932,C,T,165,CORE
chr22,42129130,C,G,165,CORE
chr22,42127608,C,T,165,CORE
chr22,42126611,C,G,165,CORE
chr22,42126611,C,G,166,CORE
chr22,42129130,C,G,166,CORE
chr22,42128328,AGGA,A,166,CORE
chr22,42127941,G,A,166,CORE
chr22,42129740,T,C,167,CORE
chr22,42128864,C,T,168,CORE
chr22,42130667,C,T,168,CORE
chr22,42126962,C,G,169,CORE
chr22,42126877,G,A,170,CORE
chr22,42127941,G,A,171,CORE
chr22,42127608,C,T,171,CORE
chr22,42126611,C,G,171,CORE
chr22,42129132,C,T,171,CORE
chr22,42129183,C,T,171,CORE
chr22,42129130,C,G,171,CORE
chr22,42127941,G,A,172,CORE
chr22,42126611,C,G,172,CORE
chr22,42130761,C,T,172,CORE
chr22,42129753,C,G,172,CORE
chr22,42129130,C,G,172,CORE
chr22,42129899,C,T,173,CORE
chr22,42130783,T,TT,174,CORE
chr22,42127631,C,G,174,CORE
chr22,42127941,G,A,175,CORE
chr22,42126611,C,G,175,CORE
chr22,42127608,C,T,175,CORE
chr22,42129130,C,G,175,CORE
chr22,42130761,C,T,175,CORE
chr22,42128181,A,T,176,CORE
chr22,42127634,C,A,177,CORE
chr22,42129130,C,G,177,CORE
chr22,42130692,G,A,177,CORE
chr22,42126611,C,G,177,CORE
chr22,42128876,C,T,178,CORE
chr22,42126611,C,G,179,CORE
chr22,42129174,C,A,179,CORE
chr22,42129130,C,G,179,CORE
chr22,42127941,G,A,179,CORE
chr22,42128175,TTCT,T,180,CORE
chr22,42129880,G,T,180,CORE
chr22,42128332,C,T,181,CORE
chr22,42126611,C,G,182,CORE
chr22,42129130,C,G,182,CORE
chr22,42127941,G,A,182,CORE
chr22,42127593,G,A,182,CORE
chr22,42127941,G,A,183,CORE
chr22,42127842,G,A,183,CORE
chr22,42129130,C,G,183,CORE
chr22,42126611,C,G,183,CORE
chr22,42130761,C,T,184,CORE
chr22,42127941,G,A,184,CORE
chr22,42129130,C,G,184,CORE
chr22,42129809,T,C,185,CORE
chr22,42129819,G,T,185,CORE
